{
	"sources" : 
	[
		{
			"file" : "/home/riokj/microros_ws/firmware/freertos_apps/microros_esp32_extensions/build/esp-idf/main/CMakeFiles/libmicroros"
		},
		{
			"file" : "/home/riokj/microros_ws/firmware/freertos_apps/microros_esp32_extensions/build/esp-idf/main/CMakeFiles/libmicroros.rule"
		},
		{
			"file" : "/home/riokj/microros_ws/firmware/freertos_apps/microros_esp32_extensions/build/esp-idf/main/CMakeFiles/libmicroros-complete.rule"
		},
		{
			"file" : "/home/riokj/microros_ws/firmware/freertos_apps/microros_esp32_extensions/build/libmicroros-prefix/src/libmicroros-stamp/libmicroros-build.rule"
		},
		{
			"file" : "/home/riokj/microros_ws/firmware/freertos_apps/microros_esp32_extensions/build/libmicroros-prefix/src/libmicroros-stamp/libmicroros-configure.rule"
		},
		{
			"file" : "/home/riokj/microros_ws/firmware/freertos_apps/microros_esp32_extensions/build/libmicroros-prefix/src/libmicroros-stamp/libmicroros-download.rule"
		},
		{
			"file" : "/home/riokj/microros_ws/firmware/freertos_apps/microros_esp32_extensions/build/libmicroros-prefix/src/libmicroros-stamp/libmicroros-install.rule"
		},
		{
			"file" : "/home/riokj/microros_ws/firmware/freertos_apps/microros_esp32_extensions/build/libmicroros-prefix/src/libmicroros-stamp/libmicroros-mkdir.rule"
		},
		{
			"file" : "/home/riokj/microros_ws/firmware/freertos_apps/microros_esp32_extensions/build/libmicroros-prefix/src/libmicroros-stamp/libmicroros-patch.rule"
		},
		{
			"file" : "/home/riokj/microros_ws/firmware/freertos_apps/microros_esp32_extensions/build/libmicroros-prefix/src/libmicroros-stamp/libmicroros-update.rule"
		}
	],
	"target" : 
	{
		"labels" : 
		[
			"libmicroros"
		],
		"name" : "libmicroros"
	}
}